<?xml version="1.0" encoding="utf-8"?>
<extension>
	<id>com.weibo.desktop</id>
	<name>微博桌面分享插件</name>
	<show_icon>true</show_icon>
	<description>微博桌面分享插件</description>
	<version>1.0</version>
	<author>weibo.com</author>
	<background page="background.html" />
	
	<content_script all_frames="true">
		<match>http://*/*</match>
		<match>https://*/*</match>
		<match>file://*/*</match>
		<css>main.css</css>
		<js>jquery-1.9.1.min.js</js>
		<js>injection.js</js>
		<js>ExtractArticle.js</js>
	</content_script>
</extension>